Product,Total Quantity
"PAPER CRAFT , LITTLE BIRDIE",80995.00
MEDIUM CERAMIC TOP STORAGE JAR,78033.00
WORLD WAR 2 GLIDERS ASSTD DESIGNS,55047.00
JUMBO BAG RED RETROSPOT,48478.00
WHITE HANGING HEART T-LIGHT HOLDER,37895.00
POPCORN HOLDER,36761.00
ASSORTED COLOUR BIRD ORNAMENT,36461.00
PACK OF 72 RETROSPOT CAKE CASES,36419.00
RABBIT NIGHT LIGHT,30788.00
MINI PAINT SET VINTAGE,26633.00
PACK OF 12 LONDON TISSUES,26339.00
PACK OF 60 PINK PAISLEY CAKE CASES,24854.00
VICTORIAN GLASS HANGING T-LIGHT,24304.00
ASSORTED COLOURS SILK FAN,23826.00
BROCADE RING PURSE,23056.00
RED  HARMONICA IN BOX,21933.00
JUMBO BAG PINK POLKADOT,21465.00
SMALL POPCORN HOLDER,20160.00
PAPER CHAIN KIT 50'S CHRISTMAS,19355.00
LUNCH BAG RED RETROSPOT,19353.00
